name,syRemovenym,Anticancer ,Cancer Supportive
lysodren,lysodren,Keep,
zynlonta,zynlonta,Keep,
khapzory,khapzory,Keep,
capmatinib hydrochloride,capmatinib hydrochloride,Keep,
belrapzo,belrapzo,Keep,
regorafenib,regorafenib,Keep,
sorafenib,sorafenib,Keep,
megace,megace,Keep,
ibrutinib,ibrutinib,Keep,
lurbinectedin,lurbinectedin,Keep,
fosfestrol,fosfestrol,Keep,Synthetic Estrogen
pegaspargase,pegaspargase,Keep,
gemcitabine,gemcitabine,Keep,
ripretinib,ripretinib,Keep,
actimmune,actimmune,Keep,
proleukin,proleukin,Keep,
leucovorin calcium,leucovorin calcium,Keep,Folate Antagonist
exemestane,exemestane,Keep,
vincristine liposome,vincristine liposome,Keep,
thalomid,thalomid,Keep,
lemtrada,lemtrada,Keep,
brukinsa,brukinsa,Keep,
xospata,xospata,Keep,
sonidegib,sonidegib,Keep,
leuprolide acetate,leuprolide acetate,Keep,
inlyta,inlyta,Keep,
plicamycin,plicamycin,Keep,
dexamethasone acetate,dexamethasone acetate,Remove,corticosteroid
empliciti,empliciti,Keep,
somatuline,somatuline,Keep,
belantamab mafodotin,belantamab mafodotin,Keep,
gazyva,gazyva,Keep,
levoleucovorin,levoleucovorin,Keep,Folate Antagonist
anastrozole,anastrozole,Keep,
duvelisib,duvelisib,Keep,
arsenic trioxide,arsenic trioxide,Keep,
rasuvo,rasuvo,Remove,antimetabolites
letrozole,letrozole,Keep,
belinostat,belinostat,Keep,
phesgo,phesgo,Keep,
hydrea,hydrea,Keep,
rituximab,rituximab,Keep,
Keepcarta,Keepcarta,Keep,
onureg,onureg,Keep,
estramustine phosphate sodium,estramustine phosphate sodium,Keep,
formestane,formestane,Keep,
daunorubicin citrate liposome,daunorubicin citrate liposome,Keep,
irinotecan,irinotecan,Keep,
vandetanib,vandetanib,Keep,
mitotane,mitotane,Keep,
ceritinib,ceritinib,Keep,
kesimpta,kesimpta,Keep,
paclitaxel poliglumex,paclitaxel poliglumex,Keep,
erlotinib hydrochloride,erlotinib hydrochloride,Keep,
ibritumomab tiuxetan,ibritumomab tiuxetan,Keep,
sunitinib malate,sunitinib malate,Keep,
selumetinib,selumetinib,Keep,
inotuzumab ozogamicin,inotuzumab ozogamicin,Keep,
goserelin acetate,goserelin acetate,Keep,
cabozantinib,cabozantinib,Keep,
retevmo,retevmo,Keep,
xolegel,xolegel,Remove,antifungal
jevtana,jevtana,Keep,
cotellic,cotellic,Keep,
matulane,matulane,Keep,
sacituzumab govitecan,sacituzumab govitecan,Keep,
lumoxiti,lumoxiti,Keep,
vindesine sulfate,vindesine sulfate,Keep,
jelmyto pyelocalyceal,jelmyto pyelocalyceal,Keep,
dexamethasone phosphate,dexamethasone phosphate,Remove,corticosteroid
larotrectinib sulfate,larotrectinib sulfate,Keep,
kisqali,kisqali,Keep,
votrient,votrient,Keep,
recorlev,recorlev,Remove,antifungal
aflibercept,aflibercept,Keep,
stivarga,stivarga,Keep,
teniposide,teniposide,Keep,
marqibo,marqibo,Keep,
eligard,eligard,Keep,
alecensa,alecensa,Keep,
dabrafenib,dabrafenib,Keep,
velcade,velcade,Keep,
monjuvi,monjuvi,Keep,
trastuzumab deruxtecan,trastuzumab deruxtecan,Keep,
dabrafenib mesylate,dabrafenib mesylate,Keep,
fareston,fareston,Keep,
jakafi,jakafi,Keep,
inqovi,inqovi,Keep,
flutamide,flutamide,Keep,
ofatumumab,ofatumumab,Keep,
cedazuridine,cedazuridine,Keep,
diethylstilbestrol,diethylstilbestrol,Keep,
paraplatin,paraplatin,Keep,
kimmtrak,kimmtrak,Keep,
besponsa,besponsa,Keep,
dexamethasone nasal,dexamethasone nasal,Remove,corticosteroid
vidaza,vidaza,Keep,
dacarbazine,dacarbazine,Keep,
nipent,nipent,Keep,
lenvatinib mesylate,lenvatinib mesylate,Keep,
photofrin,photofrin,Keep,
renova,renova,Remove,retinoid
adrucil,adrucil,Keep,
panitumumab,panitumumab,Keep,
sotorasib,sotorasib,Keep,
extina,extina,Remove,antifungal
idhifa,idhifa,Keep,
idarubicin hydrochloride,idarubicin hydrochloride,Keep,
mutamycin,mutamycin,Keep,
opzelura,opzelura,Remove,JAK Inhibitor
selumetinib sulfate,selumetinib sulfate,Keep,
tivozanib,tivozanib,Keep,
trisenox,trisenox,Keep,
pertuzumab,pertuzumab,Keep,
maxidex,maxidex,Remove,corticosteroid
melphalan flufenamide,melphalan flufenamide,Keep,
buserelin inhalant,buserelin inhalant,Keep,
talimogene laherparepvec,talimogene laherparepvec,Keep,
cytarabine liposome,cytarabine liposome,Keep,
busulfan,busulfan,Keep,
avita,avita,Remove,retinoid
eylea,eylea,Remove,monoclonal antibody
mesnex,mesnex,Keep,
"bcg, live, tice strain","bcg, live, tice strain",Keep,
xofigo,xofigo,Keep,
tagraxofusp,tagraxofusp,Keep,
rybrevant,rybrevant,Keep,
dexamethasone isonicotinate,dexamethasone isonicotinate,Remove,corticosteroid
vincristine,vincristine,Keep,
umbralisib tosylate,umbralisib tosylate,Keep,
lipodox,lipodox,Keep,
omacetaxine mepesuccinate,omacetaxine mepesuccinate,Keep,
vorinostat,vorinostat,Keep,
zytiga,zytiga,Keep,
vincristine sulfate liposome,vincristine sulfate liposome,Keep,
buserelin acetate,buserelin acetate,Keep,GnRH agonist
tecentriq,tecentriq,Keep,
nexavar,nexavar,Keep,
apalutamide,apalutamide,Keep,
obinutuzumab,obinutuzumab,Keep,
pegintron,pegintron,Keep,Interferons
adcetris,adcetris,Keep,
leucovorin,leucovorin,Keep,
leuprolide,leuprolide,Keep,
atezolizumab,atezolizumab,Keep,
lapatinib,lapatinib,Keep,
eribulin,eribulin,Keep,
unituxin,unituxin,Keep,
beleodaq,beleodaq,Keep,
fotivda,fotivda,Keep,
doxorubicin,doxorubicin,Keep,
daunorubicin liposomal,daunorubicin liposomal,Keep,
idarubicin,idarubicin,Keep,
nizoral,nizoral,Remove,Antifungal
tolak,tolak,Keep,
idamycin,idamycin,Keep,
bleomycin sulfate,bleomycin sulfate,Keep,
darolutamide,darolutamide,Keep,
altreno,altreno,Remove,Retinoid
asparaginase erwinia chrysanthemi,asparaginase erwinia chrysanthemi,,
histrelin acetate,histrelin acetate,,
pralsetinib,pralsetinib,,
enasidenib,enasidenib,,
lanreotide acetate,lanreotide acetate,,
dactinomycin,dactinomycin,,
clofarabine,clofarabine,,
alectinib hydrochloride,alectinib hydrochloride,,
elotuzumab,elotuzumab,,
neratinib maleate,neratinib maleate,,
bortezomib,bortezomib,,
venetoclax,venetoclax,,
trexall,trexall,,
doxorubicin hydrochloride,doxorubicin hydrochloride,,
zydelig,zydelig,,
koselugo,koselugo,,
aclarubicin,aclarubicin,,
otrexup,otrexup,,
levoleucovorin calcium pentahydrate,levoleucovorin calcium pentahydrate,,
topotecan,topotecan,,
cyclophosphamide lyophilized,cyclophosphamide lyophilized,,
ramucirumab,ramucirumab,,
dacogen,dacogen,,
opdualag,opdualag,,
torisel,torisel,,
abiraterone acetate,abiraterone acetate,,
edrecolomab,edrecolomab,,
sprycel,sprycel,,
dexamethasone acetate anhydrous,dexamethasone acetate anhydrous,,
lenvima,lenvima,,
imfinzi,imfinzi,,
crizotinib,crizotinib,,
rozlytrek,rozlytrek,,
triptodur,triptodur,,
talzenna,talzenna,,
cabazitaxel,cabazitaxel,,
perjeta,perjeta,,
ontruzant,ontruzant,,
droxia,droxia,,
lartruvo,lartruvo,,
mitoxantrone,mitoxantrone,,
pralatrexate,pralatrexate,,
idecabtagene vicleucel,idecabtagene vicleucel,,
amivantamab,amivantamab,,
niraparib,niraparib,,
venclexta,venclexta,,
vindesine,vindesine,,
dasatinib anhydrous,dasatinib anhydrous,,
busulfex,busulfex,,
buserelin,buserelin,,
odomzo,odomzo,,
intron a,intron a,,
breyanzi,breyanzi,,
kymriah,kymriah,,
ruxolitinib phosphate,ruxolitinib phosphate,,
daratumumab,daratumumab,,
valchlor,valchlor,,
prednimustine,prednimustine,,
epirubicin,epirubicin,,
bevacizumab,bevacizumab,,
gilotrif,gilotrif,,
synribo,synribo,,
imiquimod,imiquimod,,
mektovi,mektovi,,
bavencio,bavencio,,
tasonermin,tasonermin,,
ipilimumab,ipilimumab,,
avapritinib,avapritinib,,
ifosfamide,ifosfamide,,
rydapt,rydapt,,
ruxience,ruxience,,
ribociclib,ribociclib,,
ibrance,ibrance,,
bosutinib monohydrate,bosutinib monohydrate,,
radium,radium,,
arzerra,arzerra,,
capecitabine,capecitabine,,
midostaurin,midostaurin,,
relugolix,relugolix,,
tepmetko,tepmetko,,
trastuzumab,trastuzumab,,
tasigna,tasigna,,
scemblix,scemblix,,
mobocertinib,mobocertinib,,
folotyn,folotyn,,
ciltacabtagene autoleucel,ciltacabtagene autoleucel,,
doxorubicin hydrochloride liposome,doxorubicin hydrochloride liposome,,
istodax,istodax,,
enfortumab vedotin,enfortumab vedotin,,
exkivity,exkivity,,
temozolomide,temozolomide,,
sunitinib,sunitinib,,
asparaginase,asparaginase,,
mobocertinib succinate,mobocertinib succinate,,
tibsovo,tibsovo,,
zelboraf,zelboraf,,
histrelin,histrelin,,
zolinza,zolinza,,
padcev,padcev,,
tamoxifen citrate,tamoxifen citrate,,
tazverik,tazverik,,
paclitaxel,paclitaxel,,
larotrectinib,larotrectinib,,
vismodegib,vismodegib,,
oxaliplatin,oxaliplatin,,
tice bcg,tice bcg,,
fosfestrol tetrasodium,fosfestrol tetrasodium,,
imbruvica,imbruvica,,
tretinoin microsphere,tretinoin microsphere,,
ixazomib citrate,ixazomib citrate,,
qinlock,qinlock,,
erleada,erleada,,
ukoniq,ukoniq,,
alimta,alimta,,
bendeka,bendeka,,
riabni,riabni,,
lupron,lupron,,
zykadia,zykadia,,
dinutuximab,dinutuximab,,
jemperli,jemperli,,
cisplatin,cisplatin,,
pazopanib hydrochloride,pazopanib hydrochloride,,
abiraterone,abiraterone,,
faslodex,faslodex,,
bicnu,bicnu,,
fluoxymesterone,fluoxymesterone,,
opdivo,opdivo,,
bendamustine,bendamustine,,
ayvakit,ayvakit,,
emollient tretinoin,emollient tretinoin,,
denileukin diftitox,denileukin diftitox,,
pemfexy,pemfexy,,
rylaze,rylaze,,
naxitamab,naxitamab,,
cyramza,cyramza,,
tretin x,tretin x,,
mitomycin pyelocalyceal,mitomycin pyelocalyceal,,
calaspargase pegol,calaspargase pegol,,
vemurafenib,vemurafenib,,
melphalan hydrochloride,melphalan hydrochloride,,
ifex,ifex,,
dasatinib,dasatinib,,
tamoxifen,tamoxifen,,
asciminib,asciminib,,
dacomitinib anhydrous,dacomitinib anhydrous,,
ogivri,ogivri,,
irinotecan liposomal,irinotecan liposomal,,
mechlorethamine hydrochloride,mechlorethamine hydrochloride,,
tabrecta,tabrecta,,
estramustine,estramustine,,
olaparib,olaparib,,
decadron,decadron,,
megestrol,megestrol,,
necitumumab,necitumumab,,
xeloda,xeloda,,
melphalan,melphalan,,
sorafenib tosylate,sorafenib tosylate,,
abemaciclib,abemaciclib,,
ethoglucid,ethoglucid,,
neratinib,neratinib,,
leukine,leukine,,
gliadel,gliadel,,
abraxane,abraxane,,
procarbazine hydrochloride,procarbazine hydrochloride,,
orgovyx,orgovyx,,
pembrolizumab,pembrolizumab,,
relatlimab,relatlimab,,
altretamine,altretamine,,
blenrep,blenrep,,
triptorelin pamoate,triptorelin pamoate,,
rucaparib camsylate,rucaparib camsylate,,
jelmyto,jelmyto,,
yervoy,yervoy,,
vincristine sulfate,vincristine sulfate,,
sarclisa,sarclisa,,
margenza,margenza,,
blinatumomab,blinatumomab,,
trelstar pamoate,trelstar pamoate,,
brexucabtagene autoleucel,brexucabtagene autoleucel,,
tazemetostat,tazemetostat,,
lapatinib ditosylate,lapatinib ditosylate,,
ribociclib succinate,ribociclib succinate,,
margetuximab,margetuximab,,
daunorubicin citrate,daunorubicin citrate,,
leukeran,leukeran,,
tucatinib,tucatinib,,
efudex,efudex,,
alunbrig,alunbrig,,
emcyt,emcyt,,
prednisone,prednisone,,
thiotepa,thiotepa,,
ponatinib hydrochloride,ponatinib hydrochloride,,
onivyde,onivyde,,
mercaptopurine anhydrous,mercaptopurine anhydrous,,
zanosar,zanosar,,
targretin,targretin,,
eribulin mesylate,eribulin mesylate,,
tafinlar,tafinlar,,
copiktra,copiktra,,
fludarabine,fludarabine,,
pemigatinib,pemigatinib,,
doxorubicin liposome,doxorubicin liposome,,
durvalumab,durvalumab,,
bosutinib,bosutinib,,
vantas,vantas,,
hemady,hemady,,
bexarotene,bexarotene,,
caprelsa,caprelsa,,
myleran,myleran,,
pemazyre,pemazyre,,
methotrexate,methotrexate,,
pazopanib,pazopanib,,
fensolvi,fensolvi,,
streptozocin,streptozocin,,
panobinostat lactate,panobinostat lactate,,
procarbazine,procarbazine,,
carac,carac,,
mekinist,mekinist,,
pegasys,pegasys,,
truseltiq,truseltiq,,
carvykti,carvykti,,
tafasitamab,tafasitamab,,
refissa,refissa,,
tebentafusp,tebentafusp,,
zepzelca,zepzelca,,
herceptin hylecta,herceptin hylecta,,
omacetaxine,omacetaxine,,
gilteritinib,gilteritinib,,
gemcitabine hydrochloride,gemcitabine hydrochloride,,
ozurdex,ozurdex,,
melphalan flufenamide hydrochloride,melphalan flufenamide hydrochloride,,
rituxan hycela,rituxan hycela,,
alpelisib,alpelisib,,
carfilzomib,carfilzomib,,
femara,femara,,
docetaxel,docetaxel,,
tabloid,tabloid,,
soltamox,soltamox,,
pentostatin,pentostatin,,
pemetrexed disodium,pemetrexed disodium,,
levoleucovorin disodium,levoleucovorin disodium,,
azacitidine,azacitidine,,
everolimus,everolimus,,
thioguanine anhydrous,thioguanine anhydrous,,
kyprolis,kyprolis,,
pemetrexed disodium heptahydrate,pemetrexed disodium heptahydrate,,
etoposide phosphate,etoposide phosphate,,
pluvicto,pluvicto,,
kadcyla,kadcyla,,
leuprolide mesylate,leuprolide mesylate,,
vitrakvi,vitrakvi,,
rituxan,rituxan,,
zanubrutinib,zanubrutinib,,
pepaxto,pepaxto,,
erdafitinib,erdafitinib,,
arranon,arranon,,
tukysa,tukysa,,
lenvatinib,lenvatinib,,
triptorelin,triptorelin,,
darzalex faspro,darzalex faspro,,
nilutamide,nilutamide,,
tepadina,tepadina,,
vectibix,vectibix,,
asciminib hydrochloride,asciminib hydrochloride,,
kuric,kuric,,
hydroxyurea,hydroxyurea,,
entrectinib,entrectinib,,
dexycu,dexycu,,
amsacrine,amsacrine,,
etoposide,etoposide,,
daunorubicin,daunorubicin,,
axitinib,axitinib,,
zejula,zejula,,
abarelix,abarelix,,
cabometyx,cabometyx,,
cosmegen,cosmegen,,
keytruda,keytruda,,
iressa,iressa,,
aliqopa,aliqopa,,
tykerb,tykerb,,
valstar,valstar,,
buserelin nasal,buserelin nasal,,
cytarabine,cytarabine,,
zoladex,zoladex,,
estramustine phosphate,estramustine phosphate,,
ninlaro,ninlaro,,
asparlas,asparlas,,
purinethol,purinethol,,
goserelin,goserelin,,
sonidegib phosphate,sonidegib phosphate,,
halaven,halaven,,
ketodan,ketodan,,
cyclophosphamide anhydrous,cyclophosphamide anhydrous,,
tazemetostat hydrobromide,tazemetostat hydrobromide,,
dexamethasone,dexamethasone,,
levoketoconazole,levoketoconazole,,
mitomycin powder for,mitomycin powder for,,
mylotarg,mylotarg,,
eulexin,eulexin,,
bicalutamide,bicalutamide,,
bendamustine hydrochloride,bendamustine hydrochloride,,
vinblastine,vinblastine,,
tepotinib,tepotinib,,
hycamtin,hycamtin,,
kanjinti,kanjinti,,
tisagenlecleucel,tisagenlecleucel,,
lanreotide,lanreotide,,
yonsa,yonsa,,
imatinib,imatinib,,
thioguanine,thioguanine,,
treanda,treanda,,
t8 keto flush,t8 keto flush,,
casodex,casodex,,
irinotecan hydrochloride liposome,irinotecan hydrochloride liposome,,
alkeran,alkeran,,
isatuximab,isatuximab,,
epirubicin hydrochloride,epirubicin hydrochloride,,
xatmep,xatmep,,
afatinib dimaleate,afatinib dimaleate,,
porfimer sodium,porfimer sodium,,
toremifene,toremifene,,
temsirolimus,temsirolimus,,
fluorouracil,fluorouracil,,
thalidomide,thalidomide,,
supprelin,supprelin,,
iclusig,iclusig,,
tegafur,tegafur,,
ponatinib,ponatinib,,
osimertinib,osimertinib,,
docefrez,docefrez,,
xtandi,xtandi,,
ruxolitinib,ruxolitinib,,
cyclophosphamide,cyclophosphamide,,
levoleucovorin calcium,levoleucovorin calcium,,
oncaspar,oncaspar,,
dexamethasone trimethyl acetate,dexamethasone trimethyl acetate,,
carmustine,carmustine,,
arimidex,arimidex,,
aldesleukin,aldesleukin,,
enhertu,enhertu,,
gemtuzumab ozogamicin,gemtuzumab ozogamicin,,
umbralisib,umbralisib,,
treosulfan,treosulfan,,
polivy,polivy,,
irinotecan hydrochloride,irinotecan hydrochloride,,
gilteritinib fumarate,gilteritinib fumarate,,
carboplatin,carboplatin,,
cladribine,cladribine,,
methotrexate sodium,methotrexate sodium,,
cetuximab,cetuximab,,
polatuzumab vedotin,polatuzumab vedotin,,
erwinaze,erwinaze,,
lenalidomide,lenalidomide,,
zaltrap,zaltrap,,
pomalyst,pomalyst,,
dexium,dexium,,
glasdegib,glasdegib,,
acalabrutinib,acalabrutinib,,
idelalisib,idelalisib,,
capmatinib,capmatinib,,
"herpesvirus 1, human","herpesvirus 1, human",,
tarceva,tarceva,,
gleostine,gleostine,,
loncastuximab tesirine,loncastuximab tesirine,,
etopophos,etopophos,,
sutent,sutent,,
tivozanib hydrochloride,tivozanib hydrochloride,,
abecma,abecma,,
clolar,clolar,,
dihematoporphyrin ether,dihematoporphyrin ether,,
fulvestrant,fulvestrant,,
talazoparib,talazoparib,,
revlimid,revlimid,,
selinexor,selinexor,,
cometriq,cometriq,,
rubraca,rubraca,,
zirabev,zirabev,,
alemtuzumab,alemtuzumab,,
avastin,avastin,,
nolvadex,nolvadex,,
dostarlimab,dostarlimab,,
androxy,androxy,,
mvasi,mvasi,,
lisocabtagene maraleucel,lisocabtagene maraleucel,,
ketoconazole,ketoconazole,,
danyelza,danyelza,,
tagrisso,tagrisso,,
decitabine,decitabine,,
trametinib dimethyl sulfoxide,trametinib dimethyl sulfoxide,,
binimetinib,binimetinib,,
glasdegib maleate,glasdegib maleate,,
rucaparib,rucaparib,,
enfortumab,enfortumab,,
balversa,balversa,,
adriamycin,adriamycin,,
aldara,aldara,,
romidepsin,romidepsin,,
nilotinib hydrochloride,nilotinib hydrochloride,,
degarelix,degarelix,,
docetaxel anhydrous,docetaxel anhydrous,,
navelbine,navelbine,,
vipivotide tetraxetan,vipivotide tetraxetan,,
camcevi,camcevi,,
campath,campath,,
sargramostim,sargramostim,,
ivosidenib,ivosidenib,,
lumakras,lumakras,,
elzonris,elzonris,,
purixan,purixan,,
nivolumab,nivolumab,,
daunorubicin hydrochloride,daunorubicin hydrochloride,,
avelumab,avelumab,,
vincasar,vincasar,,
pemetrexed disodium hemipentahydrate,pemetrexed disodium hemipentahydrate,,
dexamethasone sodium phosphate,dexamethasone sodium phosphate,,
lorbrena,lorbrena,,
portrazza,portrazza,,
libtayo,libtayo,,
alectinib,alectinib,,
sylatron,sylatron,,
tretinoin,tretinoin,,
ellence,ellence,,
herceptin,herceptin,,
bleomycin,bleomycin,,
daurismo,daurismo,,
trametinib,trametinib,,
gleevec,gleevec,,
imatinib mesylate,imatinib mesylate,,
pomalidomide,pomalidomide,,
brentuximab vedotin,brentuximab vedotin,,
mesna,mesna,,
cemiplimab,cemiplimab,,
lutetium lu 177 vipivotide tetraxetan,lutetium lu 177 vipivotide tetraxetan,,
blincyto,blincyto,,
trabectedin,trabectedin,,
lomustine,lomustine,,
lynparza,lynparza,,
vinorelbine,vinorelbine,,
talazoparib tosylate,talazoparib tosylate,,
aromasin,aromasin,,
erivedge,erivedge,,
megestrol acetate,megestrol acetate,,
copanlisib,copanlisib,,
panobinostat,panobinostat,,
nilandron,nilandron,,
taxotere,taxotere,,
trofosfamide,trofosfamide,,
degarelix acetate,degarelix acetate,,
vinblastine sulfate,vinblastine sulfate,,
enasidenib mesylate,enasidenib mesylate,,
enzalutamide,enzalutamide,,
chlorambucil,chlorambucil,,
infigratinib,infigratinib,,
nubeqa,nubeqa,,
dexasone,dexasone,,
braftovi,braftovi,,
valrubicin,valrubicin,,
dacomitinib,dacomitinib,,
vinorelbine tartrate,vinorelbine tartrate,,
vizimpro,vizimpro,,
rayos,rayos,,
mitosol,mitosol,,
toremifene citrate,toremifene citrate,,
afatinib,afatinib,,
cobimetinib,cobimetinib,,
camptosar,camptosar,,
temodar,temodar,,
tecartus,tecartus,,
floxuridine,floxuridine,,
firmagon,firmagon,,
ixabepilone,ixabepilone,,
selpercatinib,selpercatinib,,
brigatinib,brigatinib,,
erlotinib,erlotinib,,
reditrex,reditrex,,
gefitinib,gefitinib,,
deltasone,deltasone,,
lorlatinib,lorlatinib,,
piqray,piqray,,
ixempra,ixempra,,
siklos,siklos,,
aminoglutethimide,aminoglutethimide,,
olaratumab,olaratumab,,
atralin,atralin,,
sacituzumab,sacituzumab,,
zortress,zortress,,
axicabtagene ciloleucel,axicabtagene ciloleucel,,
triptorelin acetate,triptorelin acetate,,
infugem,infugem,,
nelarabine,nelarabine,,
fluoroplex,fluoroplex,,
farydak,farydak,,
xalkori,xalkori,,
fludarabine phosphate,fludarabine phosphate,,
toposar,toposar,,
yondelis,yondelis,,
zyclara,zyclara,,
trazimera,trazimera,,
doxil,doxil,,
moxetumomab pasudotox,moxetumomab pasudotox,,
dextenza,dextenza,,
osimertinib mesylate,osimertinib mesylate,,
mitomycin,mitomycin,,
bosulif,bosulif,,
palbociclib,palbociclib,,
imlygic,imlygic,,
mechlorethamine,mechlorethamine,,
erbitux,erbitux,,
pemetrexed,pemetrexed,,
verzenio,verzenio,,
tepotinib hydrochloride,tepotinib hydrochloride,,
topotecan hydrochloride,topotecan hydrochloride,,
ixazomib,ixazomib,,
cobimetinib fumarate,cobimetinib fumarate,,
xpovio,xpovio,,
nerlynx,nerlynx,,
mavenclad,mavenclad,,
truxima,truxima,,
encorafenib,encorafenib,,
evomela,evomela,,
lonsurf,lonsurf,,
raltitrexed,raltitrexed,,
trodelvy,trodelvy,,
afinitor,afinitor,,
vyxeos,vyxeos,,
nilotinib,nilotinib,,
gavreto,gavreto,,
fusilev,fusilev,,
pirarubicin,pirarubicin,,
trelstar,trelstar,,
mitoxantrone hydrochloride,mitoxantrone hydrochloride,,
regorafenib monohydrate,regorafenib monohydrate,,
darzalex,darzalex,,
mercaptopurine,mercaptopurine,,
herzuma,herzuma,,
calquence,calquence,,
pemetrexed monohydrate,pemetrexed monohydrate,,
provenge,provenge,,
peginterferon alfa-2a,peginterferon alfa-2a,,
peginterferon alfa-2b,peginterferon alfa-2b,,
radium chloride ra-223,radium chloride ra-223,,
iobenguane i-123,iobenguane i-123,,
interferon gamma-1b,interferon gamma-1b,,
interferon alfa-n1,interferon alfa-n1,,
interferon alfa-2b,interferon alfa-2b,,
interferon alfacon-1,interferon alfacon-1,,
retin-a,retin-a,,
interferon-beta,interferon-beta,,
interferon alfa-2a,interferon alfa-2a,,
methoxsalen,methoxsalen,,
strontium,strontium,,
mitobronitol,mitobronitol,,
trifluridine,trifluridine,,
uracil,uracil,,
sirolimus,sirolimus,,
sipuleucel-t,sipuleucel-t,,
plerixafor,plerixafor,,
rapamune,rapamune,,
mozobil,mozobil,,
quadramet,quadramet,,
uvadex,uvadex,,
hyaluronidase,hyaluronidase,,
interferon gamma,interferon gamma,,
gamma-interferon,gamma-interferon,,
3-iodobenzylguanidine,3-iodobenzylguanidine,,
iodine i-131,iodine i-131,,
tipiracil,tipiracil,,
tipiracil / trifluridine,tipiracil / trifluridine,,
dotatate,dotatate,,
samarium,samarium,,
lutetium,lutetium,,
lutathera,lutathera,,
iobenguane i-131,iobenguane i-131,,
azedra,azedra,,
mogamulizumab,mogamulizumab,,
poteligeo,poteligeo,,
hyaluronidase-fihj,hyaluronidase-fihj,,
hyaluronidase-zzxf,hyaluronidase-zzxf,,
belumosudil,belumosudil,,
rezurock,rezurock,,
belzutifan,belzutifan,,
welireg,welireg,,
tisotumab,tisotumab,,
fyarro,fyarro,,
3-iodobenzylguanidine injection,3-iodobenzylguanidine injection,,
vijoice,vijoice,,
alymsys,alymsys,,
tremelimumab,tremelimumab,,
imjudo,imjudo,,
teclistamab,teclistamab,,
tecvayli,tecvayli,,
mirvetuximab soravtansine,mirvetuximab soravtansine,,
elahere,elahere,,
vivimusta,vivimusta,,
olutasidenib,olutasidenib,,
rezlidhia,rezlidhia,,
mosunetuzumab,mosunetuzumab,,
lunsumio,lunsumio,,
adagrasib,adagrasib,,
krazati,krazati,,
vegzelma,vegzelma,,
futibatinib,futibatinib,,
lytgobi,lytgobi,,
elacestrant,elacestrant,,
elacestrant dihydrochloride,elacestrant dihydrochloride,,
orserdu,orserdu,,
pirtobrutinib,pirtobrutinib,,
jaypirca,jaypirca,,
tositumomab,tositumomab,,
retifanlimab,retifanlimab,,
zynyz,zynyz,,
polyestradiol,polyestradiol,,
iodine,iodine,,
sodium iodide i131,sodium iodide i131,,
sodium phosphate p32,sodium phosphate p32,,
methotrexate,mtx,,
lomustine,ccnu,,
iodine,sepp,,
iodine,iodip,,
paclitaxel,onxol,,
methoxsalen,8-mop,,
denileukin diftitox,ontak,,
tretinoin,ziana,,
paclitaxel,taxol,,
lomustine,ceenu,,
sodium iodide i131,hicon,,
iodine,i-deal,,
tamoxifen,noltam,,
tisotumab,tivdak,,
ethoglucid,epodyl,,
tretinoin,twyneo,,
tretinoin,veltin,,
gemcitabine,gemzar,,
flutamide,chimax,,
asparaginase,elspar,,
fosfestrol,honvan,,
diethylstilbestrol,apstil,,
niraparib,akeega,,
tamoxifen,emblon,,
dexamethasone,ak-dex,,
doxorubicin,caelyx,,
megestrol,ovaban,,
paclitaxel,paccal,,
ketoconazole,keto-c,,
leuprolide,viadur,,
hyaluronidase,hydase,,
cytarabine,alexan,,
fludarabine,oforta,,
ketoconazole,feoris,,
sirolimus,hyftor,,
methoxsalen,8/-mop,,
aclarubicin,aclacin,,
iodine,edx-102,,
cytarabine,depocyt,,
leuprolide,oaklide,,
melphalan,hepzato,,
methotrexate,maxtrex,,
cyclophosphamide,cytoxan,,
hydroxyurea,mylocel,,
methotrexate,jylamvo,,
docetaxel,docivyx,,
idarubicin,zavedos,,
iodine,edx-502,,
etoposide,vepesid,,
procarbazine,natulan,,
cytarabine,cytosar,,
dexamethasone,dexasol,,
dexamethasone,ocu-dex,,
dexamethasone,robadex,,
prednisone,orasone,,
altretamine,hexalen,,
hyaluronidase,hylenex,,
raltitrexed,tomudex,,
hyaluronidase,vitrase,,
prednisone,predone,,
tretinoin,altinac,,
everolimus,torpenz,,
iodine,e-z mix,,
iodine,triumph,,
iodine,bovapro,,
tamoxifen,tamofen,,
tamoxifen,fentamox,,
aminoglutethimide,cytadren,,
trifluridine,viroptic,,
iodine,softkote,,
iodine,io-blend,,
iodine,bovadine,,
vindesine,eldisine,,
iodine,aloe-dip,,
dexamethasone,ciprodex,,
tretinoin,vesanoid,,
iodine,blockade,,
iodine,eco-soft,,
asparaginase,erwinase,,
abarelix,plenaxis,,
oxaliplatin,eloxatin,,
iodine,west dip,,
iodine,teat-glo,,
dexamethasone,dexaject,,
dexamethasone,hexadrol,,
dexamethasone,dalalone,,
interferon alfacon-1,infergen,,
cisplatin,platinol,,
thiotepa,thioplex,,
methotrexate,emtexate,,
cyclophosphamide,endoxana,,
iodine,eco-gard,,
estramustine,estracyt,,
amsacrine,amsidine,,
iodine,edx-1000,,
iodine,eco-plus,,
sodium iodide i131,iodotope,,
iodine,defend ii,,
iodine,soft dine,,
interferon alfa-2b,viraferon,,
interferon alfa-2a,roferon-a,,
prednisone,sterapred,,
interferon alfa-n1,wellferon,,
iodine,dermafive,,
tamoxifen,oestrifen,,
ketoconazole,ketochlor,,
leucovorin,refolinon,,
prednisone,econosone,,
mechlorethamine,mustargen,,
daunorubicin,daunoxome,,
iodine,udderdine,,
iodine,prepodyne,,
dexamethasone,baycadron,,
relugolix,myfembree,,
hyaluronidase,amphadase,,
methoxsalen,oxsoralen,,
dexamethasone,decaspray,,
ethoglucid,etoglucid,,
buserelin,suprefact,,
prednisone,prednicot,,
ketoconazole,malacetic,,
ketoconazole,mal-a-ket,,
iodine,io-shield,,
plicamycin,mithracin,,
fluoxymesterone,halotestin,,
iodine,teat guard,,
iodine,udderblend,,
iodine,niopam 200,,
iodine,della soft,,
methotrexate,rheumatrex,,
mitoxantrone,novantrone,,
iodine,della care,,
iodine,dine 5000c,,
tamoxifen,nolvadex-d,,
prednisone,decortisyl,,
thioguanine,tioguanine,,
dexamethasone,de-sone la,,
iodine,iodoshield,,
prednisone,meticorten,,
prednisone,prednicen-m,,
tremelimumab,ticilimumab,,
dexamethasone,aeroseb-dex,,
dexamethasone,dexacort-la,,
dexamethasone,decadron-la,,
prednisone,liquid pred,,
mitobronitol,myelobromol,,
pemetrexed,pemrydi rtu,,
iodine,optima plus,,
sodium phosphate p32,phosphotope,,
iodine,barrier-dyne,,
cytarabine,tarabine pfs,,
iodine,pre milk iod,,
leuprolide,lupron depot,,
diethylstilbestrol,stilphostrol,,
prednisone,sterapred ds,,
iodine,quarter mate,,
mechlorethamine,chlormethine,,
iodine,della barrier,,
tretinoin,retin-a forte,,
iodine,pro dine 5000c,,
tamoxifen,nolvadex forte,,
iodine,monarch iodine,,
ketoconazole,vital-ketodine,,
ketoconazole,resi ketochlor,,
iodine,webb gold 1/10,,
mesna,mesna nova plus,,
iodine,legend teat dip,,
ketoconazole,mal-a-ket wipes,,
iodine,pre milk iod 1.0,,
methoxsalen,oxsoralen/-ultra,,
iobenguane i-131,iobenguane i/-131,,
iodine,milkhouse teat dip,,
iodine,legend-hc teat dip,,
iodine,choremate one-shot,,
prednisone,prednisone intensol,,
sodium iodide i131,sodium iodide i 131,,
iodine,agro dip concentrate,,
ketoconazole,ketaconole shampoo 2,,
sodium iodide i131,sodium iodide i/-131,,
iodine,chem-star io-soft 500,,
iodine,chem-star alltra-dine,,
sodium phosphate p32,sodium phosphate p 32,,
dexamethasone,dexamethasone intensol,,
sodium phosphate p32,sodium phosphate p/-32,,
iodine,quartermate concentrate,,
interferon-beta,interferon beta natural,,
tamoxifen,barr - tamoxifen citrate,,
3-iodobenzylguanidine,iobenguane sulfate i 131,,
3-iodobenzylguanidine,iobenguane sulfate i/-131,,
iodine,a & l laboratories protect,,
iodine,a & l laboratories 10 mix 10,,
dexamethasone,dexacort phosphate in respihaler,,
dexamethasone,dexacort phosphate in turbinaire,,
iodine,dairyland brand controlled iodine teat dip,,
