route,count
tablet,138991
oral,28212
po,27512
by mouth,17921
oral tablet,12436
p.o,12287
tablets,5233
orally,3135
tablet oral,3113
iv,2432
oral capsule,2240
oral route,1742
im,1615
sq,1529
subcutaneous,1490
intravenous,995
nasal spray,626
intravesical,524
bcg,510
capsule oral,482
subcutaneous syringe,321
instillation,308
intramuscular,251
subq,219
instilled,181
intramuscular syringe,174
ivc,136
intravesicular,130
sub-q,116
subcutaneously,92
intravesically,54
intramuscularly,46
bladder instillation,35
subcu,35
intravesicle,32
intravesical bcg,31
subcutaneous route,27
intravesical therapy,25
intramuscular injection,21
long acting implant,20
infused,14
sub q,13
sustained release subcutaneous,12
intravenously,12
long acting subcutaneou implant,11
extended release implant,11
slow release implant,10
sustained release implant,10
slow-release implant,10
sustained-release implant,10
long acting subcutaneous,10
extended-release implant,10
intramuscular route,10
prolonged release implant,10
sustained-release subcutaneous,9
extended release subcutaneous,8
oral tablets,7
extended-release subcutaneous,7
slow release subcutaneous,7
intravenous route,7
slow-release subcutaneous,6
prolonged-release subcutaneous,6
prolonged-release subcutaneous implant,5
tablets oral,4
prolonged release subcutaneous,4
intravesicular bcg,3
