laterality,count
right breast,676
left breast,637
right lung,244
rul,207
left lung,190
lul,175
left upper lobe,157
right upper lobe,148
right chest wall,133
left chest wall,123
bilateral,121
left breast cancer,121
right lower lobe,116
rll,103
rt lung,85
left lower lobe,83
rul lung,79
lll,68
right breast cancer,64
lul lung,57
lt lung,44
right upper lobe lung,44
r lung,41
rml,41
rll lung,38
right lower lobe lung,37
l breast,37
lll lung,35
right middle lobe,34
left upper lung,34
right upper lung,31
r breast,31
right chest,26
left lower lobe lung,26
l lung,25
left lower lung,24
left upper lobe lung,22
rt side,22
right upper,22
left chest,21
lt breast,21
right female breast,20
right lower,20
left female breast,20
rt breast,19
"upper lobe, right",18
right-sided,18
right lower lung,17
left-sided breast,15
left upper,15
left-sided,14
left whole breast,14
left sided,13
left side,13
right lung mass,13
left lower,12
"upper lobe, left",12
rlung,12
right and left,12
right whole breast,11
right side,11
"lower lobe, left",10
right sided,9
right-sided breast,8
"lung, rt",7
"lower lobe, right",6
left sided breast,5
both breasts,5
rt chest wall,5
"lung, left",4
lt chest wall,3
left and right,3
left lung mass,3
breast rt,3
"breast, right",3
right sided breast,3
rt chest,3
rt lower lung,2
left bronchus or lung,2
bilateral lungs,2
lung rt,2
both lung,2
upper lobe right,1
rt upper lobe,1
rbreast,1
lt sided,1
lt lower lung,1
rt upper,1
breast left,1
bilateral lung,1
breast right,1
lung right,1
right bronchus or lung,1
rt upper lung,1
